{"web":{"auth_uri":"https://accounts.google.com/o/oauth2/auth","client_secret":"FQnfh5_BaAxMrAuYXa4HGkeB","token_uri":"https://accounts.google.com/o/oauth2/token","client_email":"1041824838239-mldf3e77k0u9m2gg6ji4n6ft95bbaci6@developer.gserviceaccount.com","redirect_uris":["https://localhost:8080/api/oauth2callback","http://ete.straight.io/api/oauth2callback"],"client_x509_cert_url":"https://www.googleapis.com/robot/v1/metadata/x509/1041824838239-mldf3e77k0u9m2gg6ji4n6ft95bbaci6@developer.gserviceaccount.com","client_id":"1041824838239-mldf3e77k0u9m2gg6ji4n6ft95bbaci6.apps.googleusercontent.com","auth_provider_x509_cert_url":"https://www.googleapis.com/oauth2/v1/certs","javascript_origins":["https://localhost:8080","http://ete.straight.io"]}}